{
    "movies": [
        {
            "id": 1,
            "title": "In the Secret Service",
            "year": 1913,
            "director": "Charles Bartlett",
            "genre": "Western"
        },
        {
            "id": 2,
            "title": "Justice of the Wild",
            "year": 1913,
            "director": "Mona Darkfeather",
            "genre": "Adventure"
        },
        {
            "id": 3,
            "title": "A Little Hero",
            "year": 1913,
            "director": "Harold Lloyd",
            "genre": "Comedy"
        },
        {
            "id": 4,
            "title": "Oil and Water",
            "year": 1913,
            "director": "Lionel Barrymore",
            "genre": "Drama"
        },
        {
            "id": 5,
            "title": "The Old Monk's Tale",
            "year": 1913,
            "director": "Ben F. Wilson",
            "genre": "Drama"
        }
    ]
}